{"cameraMode":{"drawMode":0,"name":"Shaded","section":"Shading Mode"},"sceneLighting":true,"audioPlay":false,"sceneViewState":{"showFog":true,"showMaterialUpdate":false,"showSkybox":true,"showFlares":true,"showImageEffects":true,"showParticleSystems":true},"in2DMode":false,"pivot":{"x":0.09962398558855057,"y":0.1706022322177887,"z":0.2907513976097107},"rotation":{"x":0.19817766547203065,"y":0.004410773981362581,"z":-0.0008916555088944733,"w":0.9801567196846008},"size":0.970611035823822,"orthographic":false}