{"cameraMode":{"drawMode":0,"name":"Shaded","section":"Shading Mode"},"sceneLighting":true,"audioPlay":false,"sceneViewState":{"showFog":true,"showMaterialUpdate":false,"showSkybox":true,"showFlares":true,"showImageEffects":true,"showParticleSystems":true},"in2DMode":false,"pivot":{"x":-0.02294921875,"y":-0.31927490234375,"z":0.0902099609375},"rotation":{"x":0.365924596786499,"y":-0.09052809327840805,"z":0.03579140454530716,"w":0.925547182559967},"size":0.5637860894203186,"orthographic":true}